t_sec,x_m,y_m
0.000000,0.269390,-0.001200
0.036000,0.269390,-0.001200
0.072000,0.269390,-0.001200
0.108000,0.269390,-0.001200
0.144000,0.269390,-0.001200
0.180000,0.269390,-0.001200
0.216000,0.269390,-0.001200
0.252000,0.269390,-0.001200
0.288000,0.269390,-0.001200
0.324000,0.269390,-0.001200
0.360000,0.269390,-0.001200
0.396000,0.269390,-0.001200
0.432000,0.269390,-0.001200
0.468000,0.269390,-0.001200
0.504000,0.269390,-0.001200
0.540000,0.269390,-0.001200
0.576000,0.269390,-0.001200
0.612000,0.269390,-0.001200
0.648000,0.269390,-0.001200
0.684000,0.269390,-0.001200
0.720000,0.269390,-0.001200
0.756000,0.269390,-0.001200
0.792000,0.269390,-0.001200
0.828000,0.269390,-0.001200
0.864000,0.269390,-0.001200
0.900000,0.269390,-0.001200
0.936000,0.269390,-0.001200
0.972000,0.269390,-0.001200
1.008000,0.269390,-0.001200
1.044000,0.269390,-0.001200
1.080000,0.269390,-0.001200
1.116000,0.269390,-0.001200
1.152000,0.269390,-0.001200
1.188000,0.269390,-0.001200
1.224000,0.269390,-0.001200
1.260000,0.269390,-0.001200
1.296000,0.269390,-0.001200
1.332000,0.269390,-0.001200
1.368000,0.269390,-0.001200
1.404000,0.269390,-0.001200
1.440000,0.269390,-0.001200
1.476000,0.269390,-0.001200
1.512000,0.269390,-0.001200
1.548000,0.269390,-0.001200
1.584000,0.269390,-0.001200
1.620000,0.269390,-0.001200
1.656000,0.269390,-0.001200
1.692000,0.269390,-0.001200
1.728000,0.269390,-0.001200
1.764000,0.269390,-0.001200
1.800000,0.269390,-0.001200
1.836000,0.269390,-0.001200
1.872000,0.269390,-0.001200
1.908000,0.269390,-0.001200
1.944000,0.269390,-0.001200
1.980000,0.269390,-0.001200
2.016000,0.269390,-0.001200
2.052000,0.269390,-0.001200
2.088000,0.269390,-0.001200
2.124000,0.269390,-0.001200
2.160000,0.269390,-0.001200
2.196000,0.269390,-0.001200
2.232000,0.269390,-0.001200
2.268000,0.269390,-0.001200
2.304000,0.269390,-0.001200
2.340000,0.269390,-0.001200
2.376000,0.269390,-0.001200
2.412000,0.269390,-0.001200
2.448000,0.269390,-0.001200
2.484000,0.269390,-0.001200
2.520000,0.269390,-0.001200
2.556000,0.269390,-0.001200
2.592000,0.269390,-0.001200
2.628000,0.269390,-0.001200
2.664000,0.269390,-0.001200
2.700000,0.269390,-0.001200
2.736000,0.269390,-0.001200
2.772000,0.269390,-0.001200
2.808000,0.269390,-0.001200
2.844000,0.269390,-0.001200
2.880000,0.269390,-0.001200
2.916000,0.269390,-0.001200
2.952000,0.269390,-0.001200
2.988000,0.269390,-0.001200
3.024000,0.269390,-0.001200
3.060000,0.269390,-0.001200
3.096000,0.269390,-0.001200
3.132000,0.269390,-0.001200
3.168000,0.269390,-0.001200
3.204000,0.269390,-0.001200
3.240000,0.269390,-0.001200
3.276000,0.269390,-0.001200
3.312000,0.269390,-0.001200
3.348000,0.269390,-0.001200
3.384000,0.269390,-0.001200
3.420000,0.269390,-0.001200
3.456000,0.269390,-0.001200
3.492000,0.269390,-0.001200
3.528000,0.269390,-0.001200
3.564000,0.269390,-0.001200
3.600000,0.269390,-0.001200
3.636000,0.269390,-0.001200
3.672000,0.269390,-0.001200
3.708000,0.269390,-0.001200
3.744000,0.269390,-0.001200
3.780000,0.269390,-0.001200
3.816000,0.269390,-0.001200
3.852000,0.269390,-0.001200
3.888000,0.269390,-0.001200
3.924000,0.269390,-0.001200
3.960000,0.269390,-0.001200
3.996000,0.269390,-0.001200
4.032000,0.269390,-0.001200
4.068000,0.269390,-0.001200
4.104000,0.269390,-0.001200
4.140000,0.269390,-0.001200
4.176000,0.269390,-0.001200
4.212000,0.269390,-0.001200
4.248000,0.269390,-0.001200
4.284000,0.269390,-0.001200
4.320000,0.269390,-0.001200
4.356000,0.269390,-0.001200
4.392000,0.269390,-0.001200
4.428000,0.269390,-0.001200
4.464000,0.269390,-0.001200
4.500000,0.269390,-0.001200
4.536000,0.269390,-0.001200
4.572000,0.269390,-0.001200
4.608000,0.269390,-0.001200
4.644000,0.269390,-0.001200
4.680000,0.269390,-0.001200
4.716000,0.269390,-0.001200
4.752000,0.269390,-0.001200
4.788000,0.269390,-0.001200
4.824000,0.269390,-0.001200
4.860000,0.269390,-0.001200
4.896000,0.269390,-0.001200
4.932000,0.269390,-0.001200
4.968000,0.269390,-0.001200
5.004000,0.269390,-0.001200
5.040000,0.269390,-0.001200
5.076000,0.269390,-0.001200
5.112000,0.269390,-0.001200
5.148000,0.269390,-0.001200
5.184000,0.269390,-0.001200
5.220000,0.269390,-0.001200
5.256000,0.269390,-0.001200
5.292000,0.269390,-0.001200
5.328000,0.269390,-0.001200
5.364000,0.269390,-0.001200
5.400000,0.269390,-0.001200
5.436000,0.269390,-0.001200
5.472000,0.269390,-0.001200
5.508000,0.269390,-0.001200
5.544000,0.269390,-0.001200
5.580000,0.269390,-0.001200
5.616000,0.269390,-0.001200
5.652000,0.269390,-0.001200
5.688000,0.269390,-0.001200
5.724000,0.269390,-0.001200
5.760000,0.269390,-0.001200
5.796000,0.269390,-0.001200
5.832000,0.269390,-0.001200
5.868000,0.269390,-0.001200
5.904000,0.269390,-0.001200
5.940000,0.269390,-0.001200
5.976000,0.269390,-0.001200
6.012000,0.269390,-0.001200
6.048000,0.268740,-0.001202
6.084000,0.267603,-0.001206
6.120000,0.265834,-0.001212
6.156000,0.263312,-0.001220
6.192000,0.260372,-0.001230
6.228000,0.256863,-0.001242
6.264000,0.252465,-0.001258
6.300000,0.247556,-0.001273
6.336000,0.242525,-0.001288
6.372000,0.237149,-0.001303
6.408000,0.232490,-0.001314
6.444000,0.230370,-0.001320
6.480000,0.230239,-0.001320
6.516000,0.230239,-0.001320
6.552000,0.230239,-0.001320
6.588000,0.230239,-0.001320
6.624000,0.230239,-0.001320
6.660000,0.230239,-0.001320
6.696000,0.230239,-0.001320
6.732000,0.230239,-0.001320
6.768000,0.230239,-0.001320
6.804000,0.230239,-0.001320
6.840000,0.230239,-0.001320
6.876000,0.230239,-0.001320
6.912000,0.230239,-0.001320
6.948000,0.230239,-0.001320
6.984000,0.230239,-0.001320
7.020000,0.230239,-0.001320
7.056000,0.230239,-0.001320
7.092000,0.230239,-0.001320
7.128000,0.230239,-0.001320
7.164000,0.230239,-0.001320
7.200000,0.230239,-0.001320
7.236000,0.230239,-0.001320
7.272000,0.230239,-0.001320
7.308000,0.230239,-0.001320
7.344000,0.230239,-0.001320
7.380000,0.230239,-0.001320
7.416000,0.230239,-0.001320
7.452000,0.230239,-0.001320
7.488000,0.230239,-0.001320
7.524000,0.230239,-0.001320
7.560000,0.230239,-0.001320
7.596000,0.230239,-0.001320
7.632000,0.230239,-0.001320
7.668000,0.230239,-0.001320
7.704000,0.230239,-0.001320
7.740000,0.230239,-0.001320
7.776000,0.230239,-0.001320
7.812000,0.230239,-0.001320
7.848000,0.230239,-0.001320
7.884000,0.230239,-0.001320
7.920000,0.230239,-0.001320
7.956000,0.230239,-0.001320
7.992000,0.230239,-0.001320
8.028000,0.230239,-0.001320
8.064000,0.230239,-0.001320
8.100000,0.230239,-0.001320
8.136000,0.230239,-0.001320
8.172000,0.230239,-0.001320
8.208000,0.230239,-0.001320
8.244000,0.230239,-0.001320
8.280000,0.230239,-0.001320
8.316000,0.230239,-0.001320
8.352000,0.230239,-0.001320
8.388000,0.230239,-0.001320
8.424000,0.230239,-0.001320
8.460000,0.230910,-0.001318
8.496000,0.232426,-0.001315
8.532000,0.234259,-0.001310
8.568000,0.236666,-0.001305
8.604000,0.240050,-0.001297
8.640000,0.243575,-0.001290
8.676000,0.247438,-0.001283
8.712000,0.252054,-0.001276
8.748000,0.257068,-0.001270
8.784000,0.262159,-0.001264
8.820000,0.266261,-0.001261
8.856000,0.267788,-0.001259
8.892000,0.267798,-0.001259
8.928000,0.267798,-0.001259
8.964000,0.267798,-0.001259
9.000000,0.267798,-0.001259
9.036000,0.267798,-0.001259
9.072000,0.267798,-0.001259
9.108000,0.267798,-0.001259
9.144000,0.267798,-0.001259
9.180000,0.267798,-0.001259
9.216000,0.267798,-0.001259
9.252000,0.267798,-0.001259
9.288000,0.267798,-0.001259
9.324000,0.267798,-0.001259
9.360000,0.267798,-0.001259
9.396000,0.267798,-0.001259
9.432000,0.267798,-0.001259
9.468000,0.267798,-0.001259
9.504000,0.267798,-0.001259
9.540000,0.267798,-0.001259
9.576000,0.267798,-0.001259
9.612000,0.267798,-0.001259
9.648000,0.267798,-0.001259
9.684000,0.267798,-0.001259
9.720000,0.267798,-0.001259
9.756000,0.267798,-0.001259
9.792000,0.267798,-0.001259
9.828000,0.267798,-0.001259
9.864000,0.267798,-0.001259
9.900000,0.267798,-0.001259
9.936000,0.267798,-0.001259
9.972000,0.267798,-0.001259
10.008000,0.267798,-0.001259
10.044000,0.267798,-0.001259
10.080000,0.267798,-0.001259
10.116000,0.267798,-0.001259
10.152000,0.267798,-0.001259
10.188000,0.267798,-0.001259
10.224000,0.267798,-0.001259
10.260000,0.267798,-0.001259
10.296000,0.267798,-0.001259
10.332000,0.267798,-0.001259
10.368000,0.267798,-0.001259
10.404000,0.267798,-0.001259
10.440000,0.267798,-0.001259
10.476000,0.267798,-0.001259
10.512000,0.267798,-0.001259
10.548000,0.267798,-0.001259
10.584000,0.267798,-0.001259
10.620000,0.267798,-0.001259
10.656000,0.267798,-0.001259
10.692000,0.267798,-0.001259
10.728000,0.267798,-0.001259
10.764000,0.267798,-0.001259
10.800000,0.267798,-0.001259
10.836000,0.267798,-0.001259
10.872000,0.267798,-0.001259
10.908000,0.267798,-0.001259
10.944000,0.267798,-0.001259
10.980000,0.267798,-0.001259
11.016000,0.267798,-0.001259
11.052000,0.267798,-0.001259
11.088000,0.267798,-0.001259
11.124000,0.267798,-0.001259
11.160000,0.267798,-0.001259
11.196000,0.267798,-0.001259
